titulo,precio
Sharp Objects,47.82
Sapiens: A Brief History of Humankind,54.23
The Dirty Little Secrets of Getting Your Dream Job,33.34
The Boys in the Boat: Nine Americans and Their Epic Quest for Gold at the 1936 Berlin Olympics,22.60
Shakespeare's Sonnets,20.66
Set Me Free,17.46
Scott Pilgrim's Precious Little Life (Scott Pilgrim #1),52.29
Rip it Up and Start Again,35.02
Chase Me (Paris Nights #2),25.27
Black Dust,34.53
Worlds Elsewhere: Journeys Around Shakespeareâs Globe,40.30
Wall and Piece,44.18
The Four Agreements: A Practical Guide to Personal Freedom,17.66
The Elephant Tree,23.82
Sophie's World,15.94
Behind Closed Doors,52.22
Private Paris (Private #10),47.61
#HigherSelfie: Wake Up Your Life. Free Your Soul. Find Your Tribe.,23.11
"We Love You, Charlie Freeman",50.27
Untitled Collection: Sabbath Poems 2014,14.27
"Unseen City: The Majesty of Pigeons, the Discreet Charm of Snails & Other Wonders of the Urban Wilderness",44.18
This One Summer,19.49
Thirst,17.27
The Past Never Ends,56.50
The Nameless City (The Nameless City #1),38.16
The Most Perfect Thing: Inside (and Outside) a Bird's Egg,42.96
"The Mindfulness and Acceptance Workbook for Anxiety: A Guide to Breaking Free from Anxiety, Phobias, and Worry Using Acceptance and Commitment Therapy",23.89
"The Inefficiency Assassin: Time Management Tactics for Working Smarter, Not Longer",20.59
The Death of Humanity: and the Case for Life,58.11
The Activist's Tao Te Ching: Ancient Advice for a Modern Revolution,32.24
Spark Joy: An Illustrated Master Class on the Art of Organizing and Tidying Up,41.83
"Princess Jellyfish 2-in-1 Omnibus, Vol. 01 (Princess Jellyfish 2-in-1 Omnibus #1)",13.61
Princess Between Worlds (Wide-Awake Princess #5),13.34
"Outcast, Vol. 1: A Darkness Surrounds Him (Outcast #1)",15.44
"Mama Tried: Traditional Italian Cooking for the Screwed, Crude, Vegan, and Tattooed",14.02
Join,35.67
In the Country We Love: My Family Divided,22.00
Immunity: How Elie Metchnikoff Changed the Course of Modern Medicine,57.36
First and First (Five Boroughs #3),15.97
Danganronpa Volume 1,51.99
"Codename Baboushka, Volume 1: The Conclave of Death",36.72
Camp Midnight,17.08
Call the Nurse: True Stories of a Country Nurse on a Scottish Isle,29.14
"A Piece of Sky, a Grain of Rice: A Memoir in Four Meditations",56.76
A Flight of Arrows (The Pathfinders #2),55.53
A Fierce and Subtle Poison,28.13
(Un)Qualified: How God Uses Broken People to Do Big Things,54.00
You Are What You Love: The Spiritual Power of Habit,21.87
"William Shakespeare's Star Wars: Verily, A New Hope (William Shakespeare's Star Wars #4)",43.30
The White Cat and the Monk: A Retelling of the Poem âPangur BÃ¡nâ,58.08
The Vacationers,42.15
The Third Wave: An Entrepreneurâs Vision of the Future,12.61
The Stranger,17.44
The Secret (The Secret #1),27.37
The Regional Office Is Under Attack!,51.36
The Nerdy Nummies Cookbook: Sweet Treats for the Geek in All of Us,37.34
The Murder of Roger Ackroyd (Hercule Poirot #4),44.10
The Kite Runner,41.82
The Artist's Way: A Spiritual Path to Higher Creativity,38.49
The Art of War,33.34
Something More Than This,16.24
Scarlett Epstein Hates It Here,43.55
Redeeming Love,20.47
Poems That Make Grown Women Cry,14.19
Mrs. Houdini,30.25
Modern Romance,28.26
Library of Souls (Miss Peregrineâs Peculiar Children #3),48.56
I Had a Nice Time And Other Lies...: How to find love & sh*t like that,57.36
Full Moon over Noahâs Ark: An Odyssey to Mount Ararat and Beyond,49.43
Frostbite (Vampire Academy #2),29.99
Finders Keepers (Bill Hodges Trilogy #2),53.53
"Fables, Vol. 1: Legends in Exile (Fables #1)",41.62
Eureka Trivia 6.0,54.59
Drive: The Surprising Truth About What Motivates Us,34.95
Done Rubbed Out (Reightman & Bailey #1),37.72
Dark Notes,19.19
Close to You,49.46
Batman: The Dark Knight Returns (Batman),15.38
Anonymous,46.82
Amatus,50.54
Agnostic: A Spirited Manifesto,12.51
You (You #1),43.61
"Wonder Woman: Earth One, Volume One (Wonder Woman: Earth One #1)",37.34
Why the Right Went Wrong: Conservatism--From Goldwater to the Tea Party and Beyond,52.65
Whole Lotta Creativity Going On: 60 Fun and Unusual Exercises to Awaken and Strengthen Your Creativity,38.20
Walt Disney's Alice in Wonderland,12.96
V for Vendetta (V for Vendetta Complete),37.10
The Wright Brothers,56.80
The White Queen (The Cousins' War #1),25.91
The Time Keeper,27.88
The Testament of Mary,52.67
The Star-Touched Queen,46.02
The Songs of the Gods,44.48
The Song of Achilles,37.40
The Marriage of Opposites,28.08
The Darkest Lie,35.35
The Bane Chronicles (The Bane Chronicles #1-11),44.73
Superman Vol. 1: Before Truth (Superman by Gene Luen Yang #1),11.89
Steve Jobs,39.50
Sorting the Beef from the Bull: The Science of Food Fraud Forensics,44.74
Someone Like You (The Harrisons #2),52.79
"So Cute It Hurts!!, Vol. 6 (So Cute It Hurts!! #6)",35.43
Shtum,55.84
salt.,46.78
"Quarter Life Poetry: Poems for the Young, Broke and Hangry",50.89
Old School (Diary of a Wimpy Kid #10),11.83
Made to Stick: Why Some Ideas Survive and Others Die,38.85
Looking for Lovely: Collecting the Moments that Matter,29.14
"Living Leadership by Insight: A Good Leader Achieves, a Great Leader Builds Monuments",46.91
Let It Out: A Journey Through Journaling,26.79
Lady Midnight (The Dark Artifices #1),16.28
I Know What I'm Doing -- and Other Lies I Tell Myself: Dispatches from a Life Under Construction,25.98
I Am Pilgrim (Pilgrim #1),10.60
"Hyperbole and a Half: Unfortunate Situations, Flawed Coping Mechanisms, Mayhem, and Other Things That Happened",14.75
Greek Mythic History,10.23
God: The Most Unpleasant Character in All Fiction,30.03
"Far & Away: Places on the Brink of Change: Seven Continents, Twenty-Five Years",15.06
El Deafo,57.62
Eight Hundred Grapes,14.39
"Eaternity: More than 150 Deliciously Easy Vegan Recipes for a Long, Healthy, Satisfied, Joyful Life",51.75
Demigods & Magicians: Percy and Annabeth Meet the Kanes (Percy Jackson & Kane Chronicles Crossover #1-3),37.51
Dear Mr. Knightley,11.21
Code Name Verity (Code Name Verity #1),22.13
City of Glass (The Mortal Instruments #3),56.02
City of Fallen Angels (The Mortal Instruments #4),11.23
Cell,20.29
Buying In: The Secret Dialogue Between What We Buy and Who We Are,37.80
Brain on Fire: My Month of Madness,49.32
Barefoot Contessa at Home: Everyday Recipes You'll Make Over and Over Again,50.62
Aristotle and Dante Discover the Secrets of the Universe (Aristotle and Dante Discover the Secrets of the Universe #1),58.14
All the Light We Cannot See,29.87
Abstract City,56.37
A Time of Torment (Charlie Parker #14),48.35
Rook,37.86
The Star-Touched Queen,32.30
The Silent Sister (Riley MacPherson #1),46.29
The Gray Rhino: How to Recognize and Act on the Obvious Dangers We Ignore,59.15
The Epidemic (The Program 0.6),14.44
Raspberry Pi Electronics Projects for the Evil Genius,49.67
Psycho: Sanitarium (Psycho #1.5),36.97
One with You (Crossfire #5),15.71
No Love Allowed (Dodge Cove #1),54.65
Murder at the 42nd Street Library (Raymond Ambler #1),54.36
How to Speak Golf: An Illustrated Guide to Links Lingo,58.32
Furiously Happy: A Funny Book About Horrible Things,41.46
Everyday Italian: 125 Simple and Delicious Recipes,20.10
Eleanor & Park,56.51
Dirty (Dive Bar #1),40.83
A Paris Apartment,39.01
"The Sleep Revolution: Transforming Your Life, One Night at a Time",11.68
"Mother, Can You Not?",16.89
Keep Me Posted,20.46
Grey (Fifty Shades #4),48.49
"Exit, Pursued by a Bear",51.34
Born for This: How to Find the Work You Were Meant to Do,21.59
Arena,21.36
Adultery,20.88
A Gentleman's Position (Society of Gentlemen #3),14.75
10-Day Green Smoothie Cleanse: Lose Up to 15 Pounds in 10 Days!,49.71
Without Shame,48.27
Watchmen,58.05
Unlimited Intuition Now,58.87
The New Brand You: Your New Image Makes the Sale for You,44.05
"The Moosewood Cookbook: Recipes from Moosewood Restaurant, Ithaca, New York",12.34
The Art and Science of Low Carbohydrate Living,52.98
Suzie Snowflake: One beautiful flake (a self-esteem story),54.81
"NaNo What Now? Finding your editing process, revising your NaNoWriMo book and building a writing career through publishing and beyond",10.41
"Fruits Basket, Vol. 9 (Fruits Basket #9)",33.95
Art and Fear: Observations on the Perils (and Rewards) of Artmaking,48.63
The Unlikely Pilgrimage of Harold Fry (Harold Fry #1),43.62
"The Midnight Assassin: Panic, Scandal, and the Hunt for America's First Serial Killer",28.45
Smarter Faster Better: The Secrets of Being Productive in Life and Business,38.89
Shadows of the Past (Logan Point #1),39.67
Roller Girl,14.10
Please Kill Me: The Uncensored Oral History of Punk,31.19
Out of Print: City Lights Spotlight No. 14,53.64
My Life Next Door (My Life Next Door ),36.39
Les Fleurs du Mal,29.04
Kill 'Em and Leave: Searching for James Brown and the American Soul,45.05
John Vassos: Industrial Design for Modern Life,20.22
Hystopia: A Novel,21.96
History of Beauty,10.29
Future Shock (Future Shock #1),55.65
Death by Leisure: A Cautionary Tale,37.51
Between the World and Me,56.91
Being Mortal: Medicine and What Matters in the End,55.06
"""Most Blessed of the Patriarchs"": Thomas Jefferson and the Empire of the Imagination",44.48
What Happened on Beale Street (Secrets of the South Mysteries #2),25.37
The Whale,35.96
The Story of Art,41.14
The Origin of Species,10.01
The Great Gatsby,36.05
The Bourne Identity (Jason Bourne #1),42.78
The Bachelor Girl's Guide to Murder (Herringford and Watts Mysteries #1),52.30
The 7 Habits of Highly Effective People: Powerful Lessons in Personal Change,33.17
Team of Rivals: The Political Genius of Abraham Lincoln,20.12
Sister Dear,40.20
Nightstruck: A Novel,50.35
"Naturally Lean: 125 Nourishing Gluten-Free, Plant-Based Recipes--All Under 300 Calories",11.38
Life of Pi,13.22
Leave This Song Behind: Teen Poetry at Its Best,51.17
King's Folly (The Kinsman Chronicles #1),39.61
John Adams,57.43
How to Cook Everything Vegetarian: Simple Meatless Recipes for Great Food (How to Cook Everything),46.01
Good in Bed (Cannie Shapiro #1),37.05
Every Heart a Doorway (Every Heart A Doorway #1),12.16
Delivering the Truth (Quaker Midwife Mystery #1),20.89
Counted With the Stars (Out from Egypt #1),17.97
"At The Existentialist CafÃ©: Freedom, Being, and apricot cocktails with: Jean-Paul Sartre, Simone de Beauvoir, Albert Camus, Martin Heidegger, Edmund Husserl, Karl Jaspers, Maurice Merleau-Ponty and others",29.93
A Short History of Nearly Everything,52.40
A Gathering of Shadows (Shades of Magic #2),44.81
The Sound Of Love,57.84
The Mysterious Affair at Styles (Hercule Poirot #1),24.80
The Man Who Mistook His Wife for a Hat and Other Clinical Tales,59.45
The Joy of Cooking,43.27
The Hobbit (Middle-Earth Universe),17.80
The Collected Poems of W.B. Yeats (The Collected Works of W.B. Yeats #1),15.42
The Barefoot Contessa Cookbook,59.92
Pride and Prejudice,19.27
In Cold Blood,49.98
How to Stop Worrying and Start Living,46.49
Fun Home: A Family Tragicomic,56.59
"Fruits Basket, Vol. 6 (Fruits Basket #6)",20.96
Deception Point,40.32
Catherine the Great: Portrait of a Woman,58.55
A Year in Provence (Provence #1),56.88
World Without End (The Pillars of the Earth #2),32.97
"Will Grayson, Will Grayson (Will Grayson, Will Grayson)",47.31
Where She Went (If I Stay #2),41.73
What If?: Serious Scientific Answers to Absurd Hypothetical Questions,53.68
The Secret Garden,15.08
The Raven Boys (The Raven Cycle #1),57.74
The Power Greens Cookbook: 140 Delicious Superfood Recipes,11.05
The Mathews Men: Seven Brothers and the War Against Hitler's U-boats,42.91
The Hiding Place,55.91
The False Prince (The Ascendance Trilogy #1),56.00
The Darkest Corners,11.33
The Crossover,38.77
Talking to Girls About Duran Duran: One Young Man's Quest for True Love and a Cooler Haircut,25.15
Siddhartha,34.22
Shiver (The Wolves of Mercy Falls #1),16.23
My Mother Was Nuts,31.63
Mexican Today: New and Rediscovered Recipes for Contemporary Kitchens,24.91
Lola and the Boy Next Door (Anna and the French Kiss #2),23.63
Killing Floor (Jack Reacher #1),31.49
Kill the Boy Band,15.52
Isla and the Happily Ever After (Anna and the French Kiss #3),48.13
If I Stay (If I Stay #1),38.13
Dracula the Un-Dead,35.63
Digital Fortress,58.00
Booked,17.49
"Blue Lily, Lily Blue (The Raven Cycle #3)",34.13
Approval Junkie: Adventures in Caring Too Much,58.81
An Abundance of Katherines,10.00
Alight (The Generations Trilogy #2),58.59
A Feast for Crows (A Song of Ice and Fire #4),17.21
Vogue Colors A to Z: A Fashion Coloring Book,52.35
The Passion of Dolssa,28.32
The Hunger Games (The Hunger Games #1),29.85
The Gunning of America: Business and the Making of American Gun Culture,16.81
The Beast (Black Dagger Brotherhood #14),46.08
Some Women,13.73
Shopaholic Ties the Knot (Shopaholic #3),48.39
Paper and Fire (The Great Library #2),49.45
Outlander (Outlander #1),19.67
No One Here Gets Out Alive,20.02
Night Shift (Night Shift #1-20),12.75
Needful Things,47.51
Mockingjay (The Hunger Games #3),20.44
Little Women (Little Women #1),28.07
Harry Potter and the Prisoner of Azkaban (Harry Potter #3),24.17
Harry Potter and the Order of the Phoenix (Harry Potter #5),31.63
Harry Potter and the Half-Blood Prince (Harry Potter #6),48.75
"Fruits Basket, Vol. 4 (Fruits Basket #4)",50.44
Atlas Shrugged,26.58
A New Earth: Awakening to Your Life's Purpose,55.65
'Salem's Lot,49.56
When You Are Engulfed in Flames,30.89
Voyager (Outlander #3),21.07
The Undomestic Goddess,45.75
The Silkworm (Cormoran Strike #2),23.05
"The Sandman, Vol. 3: Dream Country (The Sandman (volumes) #3)",55.55
The Rose & the Dagger (The Wrath and the Dawn #2),58.64
The Red Tent,35.66
The Nightingale,26.26
The Nanny Diaries (Nanny #1),52.53
The Lonely Ones,43.59
"The Land of 10,000 Madonnas",29.64
The Husband's Secret,52.51
"The End of Faith: Religion, Terror, and the Future of Reason",22.13
"The Elegant Universe: Superstrings, Hidden Dimensions, and the Quest for the Ultimate Theory",13.03
"The Disappearing Spoon: And Other True Tales of Madness, Love, and the History of the World from the Periodic Table of the Elements",57.35
The Demon-Haunted World: Science as a Candle in the Dark,52.25
The Day the Crayons Came Home (Crayons),26.33
The Complete Stories and Poems (The Works of Edgar Allan Poe [Cameo Edition]),26.78
The Complete Poems,41.32
The Book of Basketball: The NBA According to The Sports Guy,44.84
The Blind Side: Evolution of a Game,53.71
Something Borrowed (Darcy & Rachel #1),48.96
Seven Brief Lessons on Physics,30.60
Scarlet (The Lunar Chronicles #2),14.57
"Saga, Volume 3 (Saga (Collected Editions) #3)",21.57
Running with Scissors,12.91
"Rise of the Rocket Girls: The Women Who Propelled Us, from Missiles to the Moon to Mars",41.67
Ready Player One,19.07
Life Without a Recipe,59.04
Legend (Legend #1),43.69
"Lamb: The Gospel According to Biff, Christ's Childhood Pal",55.50
Lady Renegades (Rebel Belle #3),53.04
Into the Wild,56.70
Inferno (Robert Langdon #4),41.00
If I Run (If I Run #1),49.97
Heir to the Sky,44.07
Green Eggs and Ham (Beginner Books B-16),10.79
Gratitude,26.66
Gone Girl,37.60
Golden (Heart of Dread #3),42.21
Fire Bound (Sea Haven/Sisters of the Heart #5),21.28
Fifty Shades Freed (Fifty Shades #3),15.36
Disrupted: My Misadventure in the Start-Up Bubble,15.28
Dead Wake: The Last Crossing of the Lusitania,39.24
Dark Places,23.90
Crazy Rich Asians (Crazy Rich Asians #1),49.13
Breaking Dawn (Twilight #4),35.28
Brave Enough,51.32
Blink: The Power of Thinking Without Thinking,21.74
Between Shades of Gray,20.79
Beautiful Creatures (Caster Chronicles #1),21.55
Ash,22.06
Annie on My Mind,36.83
A Walk in the Woods: Rediscovering America on the Appalachian Trail,30.48
A Visit from the Goon Squad,14.08
A Heartbreaking Work of Staggering Genius,54.29
New Moon (Twilight #2),12.86
Life,31.58
H is for Hawk,57.42
"Fruits Basket, Vol. 2 (Fruits Basket #2)",11.64
Diary of a Minecraft Zombie Book 1: A Scare of a Dare (An Unofficial Minecraft Book),52.88
"Y: The Last Man, Vol. 1: Unmanned (Y: The Last Man #1)",18.51
While You Were Mine,41.32
Ways of Seeing,39.51
Twenty Love Poems and a Song of Despair,30.95
Travels with Charley: In Search of America,57.82
The Zombie Room,19.69
The Tumor,41.56
The Story of Hong Gildong,43.19
The Silent Wife,12.34
The No. 1 Ladies' Detective Agency (No. 1 Ladies' Detective Agency #1),57.70
The Hook Up (Game On #1),36.29
The Haters,27.89
The Girl You Lost,12.29
The Edge of Reason (Bridget Jones #2),19.18
The Art of Not Breathing,40.83
Shadow Rites (Jane Yellowrock #10),21.72
"Rat Queens, Vol. 1: Sass & Sorcery (Rat Queens (Collected Editions) #1-5)",46.96
"Paper Girls, Vol. 1 (Paper Girls #1-5)",21.71
Off Sides (Off #1),39.45
Myriad (Prentor #1),58.75
"Ms. Marvel, Vol. 1: No Normal (Ms. Marvel (2014-2015) #1)",39.39
Lost Among the Living,27.70
Kitchens of the Great Midwest,57.20
Jane Eyre,38.43
Imperfect Harmony,34.74
Icing (Aces Hockey #2),40.44
Having the Barbarian's Baby (Ice Planet Barbarians #7.5),34.96
"Giant Days, Vol. 1 (Giant Days #1-4)",56.76
"Fruits Basket, Vol. 1 (Fruits Basket #1)",40.28
Deep Under (Walker Security #1),47.09
Choosing Our Religion: The Spiritual Lives of America's Nones,28.42
Bright Lines,39.07
Bounty (Colorado Mountain #7),37.26
"Bleach, Vol. 1: Strawberry and the Soul Reapers (Bleach #1)",34.65
"Ajin: Demi-Human, Volume 1 (Ajin: Demi-Human #1)",57.06
A Spy's Devotion (The Regency Spies of London #1),16.97
"1,000 Places to See Before You Die",26.08
